schema,tenant,revision,parent,effective_us,ingested_us,authority,state,patch,signature
tenant-control/v1,strict,40,0,90000,90000,controller,draft,"{""max_slots"":20,""max_work_us"":10000}",c95b4028b6053f3a936823a470fba02564646d2f8cf3e05ec5b6218125df385e
tenant-control/v1,strict,42,0,90000,90000,controller,draft,"{""max_slots"":20,""max_work_us"":10002}",9b8c8f7977bc79f90dcc249fdeb1294dfa8e2e707bc7cc1f9eceea51ef2e9cb6
tenant-control/v1,strict,43,0,90000,90000,shadow,enacted,"{""max_slots"":20,""max_work_us"":10003}",95bed737ded323dfe2905f0d7bfa71b4d72ae034f07020402722ce046072516e
tenant-control/v1,batch,2,1,90000,104100,controller,enacted,"{""failure_penalty_us"":17}",d4d60cbe6c0ba67ebc0f68b6ada882c57d9110c086564f3aafefbf93225010a1
tenant-control/v1,batch,2,1,90000,90000,controller,enacted,"{""failure_penalty_us"":11}",c0bbdb57c17b8d4fbeaa56b8790b7df7eeb13ea1d7dda3d3182fce70e10713a8
tenant-control/v1,batch,46,0,90000,90000,controller,draft,"{""max_slots"":20,""max_work_us"":10006}",bcfda162ae06ce7a89beb49be4d8ae27fcf990d03f4b22d88dbbef2278c2a575
tenant-control/v1,batch,43,0,90000,90000,shadow,enacted,"{""max_slots"":20,""max_work_us"":10003}",e84a8e1eb4a3bc7650ebd5a0c949d1619d660d5e068d9ca624a8e11c38cc741b
tenant-control/v1,batch,40,0,90000,90000,controller,draft,"{""max_slots"":20,""max_work_us"":10000}",91e466682a564662e77081cb9acd8e6d7b22c339ece09ad1891f74e089737b70
tenant-control/v1,elastic,44,0,90000,90000,controller,draft,"{""max_slots"":20,""max_work_us"":10004}",11c1da69f78e67bcb6453425dbf5c003ea17c34dbd14b7ff2d1f376d925e73e7
tenant-control/v1,elastic,4,1,100680,100650,controller,enacted,"{""burst_credit_us"":700,""burst_refill_us"":5,""failure_penalty_us"":100,""max_work_us"":200}",f6eb736c5e7d9f644241116fa7c978a8d803f5017f4ab59a18e6133410fd6199
tenant-control/v1,batch,3,2,100600,90000,controller,enacted,"{""max_starts"":5}",1c5c1c53fe7ce561ec0d0c7aacaa279b5d323866c5aeb4016263689742f85bf9
tenant-control/v1,elastic,73,0,90000,200000,controller,enacted,"{""max_pages"":8}",3ab9e0926eb64ac5e1b75e88252d4fb2df8fccdf85dc3ee8f2c97d4460459abe
tenant-control/v1,default,70,0,90000,90000,controller,enacted,"{""max_slots"":true}",6ff7e7df8c90a31f7c793777ca0c45a678ad4827c488511dea10e121788b2995
tenant-control/v1,elastic,42,0,90000,90000,controller,draft,"{""max_slots"":20,""max_work_us"":10002}",2133e79a684295517d79c1509c4e3934882c0f538949b4e6497795b26f0c4741
tenant-control/v1,strict,46,0,90000,90000,controller,draft,"{""max_slots"":20,""max_work_us"":10006}",6fda94d960621f495cdd00b45528d33b46b8f29a5bf5992b2905322a0dfac988
tenant-control/v1,batch,70,0,90000,90000,controller,enacted,"{""max_slots"":true}",001685eb3153b8d40f7cb9a416af0aaaa85d8c9846f6fbc60af542709d7987ee
tenant-control/v1,elastic,46,0,90000,90000,controller,draft,"{""max_slots"":20,""max_work_us"":10006}",f8011bfb55baa6e920080b8799d62c45b4c284d83a0c4a124acd2ff83010c36a
tenant-control/v1,strict,44,0,90000,90000,controller,draft,"{""max_slots"":20,""max_work_us"":10004}",605d7961bdb8bb36feb311383cf02136ad86cdc95ce5408675ea1b3365d8da78
tenant-control/v1,strict,72,0,90000,90000,controller,enacted,"{""max_pages"":8}",broken
tenant-control/v1,strict,41,0,90000,90000,shadow,enacted,"{""max_slots"":20,""max_work_us"":10001}",a30b03824cd473c121e944ddfe2475db8103d7c832ddcbe71febb18cdf930117
tenant-control/v1,gold,41,0,90000,90000,shadow,enacted,"{""max_slots"":20,""max_work_us"":10001}",5f4b507c33f56c6cf781b86cc1022f72d6751b9b646c508e97a3b33b4edf7039
tenant-control/v1,elastic,70,0,90000,90000,controller,enacted,"{""max_slots"":true}",575a28039cde4b4a468df8e9090fec5e1978929f66efc47f0f590d13da2f3c4b
tenant-control/v1,elastic,43,0,90000,90000,shadow,enacted,"{""max_slots"":20,""max_work_us"":10003}",7f5c9fbcca3a15aeda447ea8b909806d3177b3f0834cd165a8c9aacc1ddbe54c
tenant-control/v1,gold,72,0,90000,90000,controller,enacted,"{""max_pages"":8}",broken
tenant-control/v1,default,72,0,90000,90000,controller,enacted,"{""max_pages"":8}",broken
tenant-control/v1,elastic,72,0,90000,90000,controller,enacted,"{""max_pages"":8}",broken
tenant-control/v1,gold,42,0,90000,90000,controller,draft,"{""max_slots"":20,""max_work_us"":10002}",4ac205ecc8becc42af4624d809288e771b52f0a31d393a8d7cc52c23d33dfb69
tenant-control/v1,gold,73,0,90000,200000,controller,enacted,"{""max_pages"":8}",dec2a4b092691d00b575a0cacaa672888542446782de665c7c50a39764b39afc
tenant-control/v1,default,44,0,90000,90000,controller,draft,"{""max_slots"":20,""max_work_us"":10004}",af7e5d3d2791709efc96896b6fa8a04841bd6435d26082be0fe4b8c463e68eda
tenant-control/v1,batch,71,0,90000,90000,controller,enacted,"{""unknown_budget"":1}",263e9df867e4fc37e4a73b82c45cb3f8a66d4f56c628e4253c2320f69f77ba50
tenant-control/v1,elastic,40,0,90000,90000,controller,draft,"{""max_slots"":20,""max_work_us"":10000}",c7043103ad894b90268f4862257fea13975a10bf10630d6a6662bb5ddf8e0f70
tenant-control/v1,gold,47,0,90000,90000,shadow,enacted,"{""max_slots"":20,""max_work_us"":10007}",0b0a7b57e6cb69ec9641f06c474a7968d6c3590770d61b1c1ce220b13459a6e5
tenant-control/v1,elastic,45,0,90000,90000,shadow,enacted,"{""max_slots"":20,""max_work_us"":10005}",b763898fe1f23dbb1472edbd066ff5ea97d9bf41f28f1cab5e6ef55fdd94d8aa
tenant-control/v1,default,71,0,90000,90000,controller,enacted,"{""unknown_budget"":1}",211832b920650bf3dff641baee575378f55fa74453ed4cc80a82bb191718ad87
tenant-control/v1,default,47,0,90000,90000,shadow,enacted,"{""max_slots"":20,""max_work_us"":10007}",32ec0cf7f0391d290e7189aca6fddb4be2abdf051a4aab46859514148f0b1c47
