resource,sample_id,attempt,role,layout,phase,status,schema,duration,coordinate,cached_tokens,prompt,trace_id,cohort,ingested_us,manifest_id,schema_version,source_checksum,row_signature
l12,s23-092,0,link,q16,steady,ok,phase/2,42,144,0,甲甲甲甲甲甲甲甲甲甲甲甲甲甲甲甲甲甲甲甲甲甲甲甲甲甲甲甲甲甲甲甲甲甲甲甲,trace-s23-092,baseline,90000,phase-v7-23,phase/v7,phase/client.csv,01f34fedc5e9d0155aec912cc230f9938b5772dbdc240045a90074023aa8f034
d2,s23-060,0,decode,q16,steady,ok,phase/1,0.055,12,0,甲甲甲甲甲甲甲甲甲甲甲甲,trace-s23-060,recent,90000,phase-v7-23,phase/v7,phase/client.csv,0d5010f1c78ec2fc6f300036277000ab83405fc273f7b6c31ca9ccc54c05856a
d2,s23-059,0,decode,q16,steady,ok,phase/2,55,12,0,甲甲甲甲甲甲甲甲甲甲甲甲,trace-s23-059,recent,90000,phase-v7-23,phase/v7,phase/client.csv,173b96c5a650c0d41db000e058e2056381e001b11d4fc81c66585b636cd2b405
l12,s23-093,0,link,q16,steady,ok,phase/1,0.042,144,0,甲甲甲甲甲甲甲甲甲甲甲甲甲甲甲甲甲甲甲甲甲甲甲甲甲甲甲甲甲甲甲甲甲甲甲甲,trace-s23-093,baseline,90000,phase-v7-23,phase/v7,phase/client.csv,c19447894a9b69c4d0491ec0404704a4913f3e2885b046ceec606c5a45a073fe
d3,s23-062,0,decode,q8,steady,ok,phase/2,25,0,0,,trace-s23-062,baseline,100650,phase-v7-23,phase/v7,phase/client.csv,5ef7f3a0c4749c330c6d909be6cf054b8bd51dc0085c2a0267357880e6f39cdb
l33,s23-130,0,link,q8,steady,ok,phase/2,17,48,0,甲甲甲甲甲甲甲甲甲甲甲甲,trace-s23-130,recent,90000,phase-v7-23,phase/v7,phase/client.csv,c9286f2cfa174810a1872288392e597b22169bf613a0790fb931ee7dea46b21d
d1,s23-040,0,decode,q16,steady,ok,phase/2,46,12,0,甲甲甲甲甲甲甲甲甲甲甲甲,trace-s23-040,baseline,90000,phase-v7-23,phase/v7,phase/client.csv,02779366028fb8d54da8ea67468e3b690323b92fd682de261fb03b99b2a40d47
l12,s23-091,0,link,q16,steady,ok,phase/2,42,144,0,甲甲甲甲甲甲甲甲甲甲甲甲甲甲甲甲甲甲甲甲甲甲甲甲甲甲甲甲甲甲甲甲甲甲甲甲,trace-s23-091,baseline,90000,phase-v7-23,phase/v7,phase/client.csv,76ba230a658264681b2744a573e4a8d519b11ead9501c2a6d916ca2e443d5a0a
p1,s23-008,0,prefill,q16,steady,ok,phase/2,203,36,0,甲甲甲甲甲甲甲甲甲甲甲甲甲甲甲甲甲甲甲甲甲甲甲甲甲甲甲甲甲甲甲甲甲甲甲甲,trace-s23-008,baseline,90000,phase-v7-23,phase/v7,phase/client.csv,f0205fc25f8674db9e0c4e34ea8a871e9d4ca9ca95e0cebe8214c6990d637d56
l23,s23-141,0,link,q8,steady,ok,phase/1,0.006,48,0,甲甲甲甲甲甲甲甲甲甲甲甲,trace-s23-141,recent,90000,phase-v7-23,phase/v7,phase/client.csv,ada494eee4e7c1b4059e830c7eccaa3a6d2f1f2c43ac7acf5a5852db68aebdbd
l33,s23-122,0,link,q8,steady,ok,phase/2,9,0,0,,trace-s23-122,baseline,100650,phase-v7-23,phase/v7,phase/client.csv,6919ab5787cc03f9a1184a61ca8d123052d4db3abc6c56fa2d478ca867f01a6b
d1,s23-046,0,decode,q16,steady,ok,phase/2,46,12,0,甲甲甲甲甲甲甲甲甲甲甲甲,trace-s23-046,recent,90000,phase-v7-23,phase/v7,phase/client.csv,079dbb5dffc0a611f81e88f56731039d8e20dc61bc31f27b879c8afd622a3051
l11,s23-078,0,link,q16,steady,ok,phase/1,0.029,48,0,甲甲甲甲甲甲甲甲甲甲甲甲,trace-s23-078,baseline,90000,phase-v7-23,phase/v7,phase/client.csv,00ed74c858455f706c4458183401cb354844275882b1acb177bf9556f4bdc6bc
l23,s23-142,0,link,q8,steady,ok,phase/2,6,48,0,甲甲甲甲甲甲甲甲甲甲甲甲,trace-s23-142,recent,90000,phase-v7-23,phase/v7,phase/client.csv,de16a99155e69cacb5a75f80f7b4892dabc1e90118b900f7f0a15ba0ddee68e1
d1,s23-041,0,decode,q16,steady,ok,phase/2,46,12,0,甲甲甲甲甲甲甲甲甲甲甲甲,trace-s23-041,baseline,90000,phase-v7-23,phase/v7,phase/client.csv,ca9488a8198c1b3754c1e1b9486a7dba774da9accb33d9f6a54589b7a8c0ddbb
l22,s23-112,0,link,q16,steady,ok,phase/2,35,48,0,甲甲甲甲甲甲甲甲甲甲甲甲,trace-s23-112,baseline,90000,phase-v7-23,phase/v7,phase/client.csv,60cdacde46875ceedcad05c478b751b71867755864754dd10b67dc6e9cbc19fb
p1,s23-003,0,prefill,q16,steady,ok,phase/1,0.083,0,0,,trace-s23-003,baseline,90000,phase-v7-23,phase/v7,phase/client.csv,4eee16dc3f6c210980d135338f306cfb0cf973376318bc97f6840a8aca345688
d3,s23-066,0,decode,q8,steady,ok,phase/1,0.033,12,0,甲甲甲甲甲甲甲甲甲甲甲甲,trace-s23-066,baseline,100650,phase-v7-23,phase/v7,phase/client.csv,e465e17d1beebe6465c7d54e8a8a2a20515ab148e71661f578dae395063f12d3
l23,s23-139,0,link,q8,steady,ok,phase/2,10,144,0,甲甲甲甲甲甲甲甲甲甲甲甲甲甲甲甲甲甲甲甲甲甲甲甲甲甲甲甲甲甲甲甲甲甲甲甲,trace-s23-139,baseline,90000,phase-v7-23,phase/v7,phase/client.csv,c3d167639e08322fe4a8174bfd870272e8a10d77aeb75d28576b47ecbb8e456e
l11,s23-074,0,link,q16,steady,ok,phase/2,13,0,0,,trace-s23-074,baseline,90000,phase-v7-23,phase/v7,phase/client.csv,e156c2a6192fe553eda0719b4c7caba17b8d2f8cf419026a593478e2bb5d0ab2
l22,s23-115,0,link,q16,steady,ok,phase/2,83,144,0,甲甲甲甲甲甲甲甲甲甲甲甲甲甲甲甲甲甲甲甲甲甲甲甲甲甲甲甲甲甲甲甲甲甲甲甲,trace-s23-115,baseline,90000,phase-v7-23,phase/v7,phase/client.csv,effb3bf57088fa9c45e5ae2d2f82617717fea10b02bae7ebdc025b98b7fca80a
p2,s23-016,0,prefill,q16,steady,ok,phase/2,109,12,0,甲甲甲甲甲甲甲甲甲甲甲甲,trace-s23-016,baseline,90000,phase-v7-23,phase/v7,phase/client.csv,ac483423c3222256bdc074cb0b85080daada87d7f90390ce64f8e75f9fc8e68b
l21,s23-103,0,link,q16,steady,ok,phase/2,39,144,0,甲甲甲甲甲甲甲甲甲甲甲甲甲甲甲甲甲甲甲甲甲甲甲甲甲甲甲甲甲甲甲甲甲甲甲甲,trace-s23-103,baseline,90000,phase-v7-23,phase/v7,phase/client.csv,1d9f6613f50f244cf6702ac65896d28425a83ce3825141d0dc2a887f7c0a2b44
l12,s23-090,0,link,q16,steady,ok,phase/1,0.026,48,0,甲甲甲甲甲甲甲甲甲甲甲甲,trace-s23-090,baseline,90000,phase-v7-23,phase/v7,phase/client.csv,5cffde1027bb372d10614abb0608166be558281852b52ea1d1e4902d0f9a9cc2
l11,s23-166,0,link,q16,steady,ok,phase/2,29,48,0,甲甲甲甲甲甲甲甲甲甲甲甲,trace-s23-166,baseline,90000,phase-v7-23,phase/v7,phase/client.csv,eff91dea99bbc4d35b1c54f0289339666e5a0a64c12e1fbb1b22e820cdb74a9c
l33,s23-121,0,link,q8,steady,ok,phase/2,9,0,0,,trace-s23-121,baseline,100650,phase-v7-23,phase/v7,phase/client.csv,70fe31d6149660a4f6cc88e0edafda172f5db07332ab22832607e375ae63b6ff
l12,s23-086,0,link,q16,steady,ok,phase/2,18,0,0,,trace-s23-086,baseline,90000,phase-v7-23,phase/v7,phase/client.csv,936256bf848760a3009121749ca93984775490479af0756356549e701c8a8872
l12,s23-088,0,link,q16,steady,ok,phase/2,26,48,0,甲甲甲甲甲甲甲甲甲甲甲甲,trace-s23-088,baseline,90000,phase-v7-23,phase/v7,phase/client.csv,2cd979bd04d98a5a92ad7c936ea4778e0244291fbe38c82b04610979a8cb39b6
l22,s23-111,0,link,q16,steady,ok,phase/1,0.035,48,0,甲甲甲甲甲甲甲甲甲甲甲甲,trace-s23-111,baseline,90000,phase-v7-23,phase/v7,phase/client.csv,0be6c8a8bb9657ac5f652c712f0039db6fc5c86e833a5642e6f3af7c24e7abc8
p1,s23-146,0,prefill,q16,steady,ok,phase/2,369,12,0,甲甲甲甲甲甲甲甲甲甲甲甲,trace-s23-146,baseline,100650,phase-v7-23,phase/v7,phase/client.csv,983dad92758c1a722ffef319956a1b52008ed52016eea08fec744bbf92232de9
p2,s23-160,0,prefill,q16,steady,ok,phase/2,109,12,4,甲甲甲甲甲甲甲甲甲甲甲甲,trace-s23-160,baseline,90000,phase-v7-23,phase/v7,phase/client.csv,476c78e6e645420f6445e71f206f00ee4c620f27c31c33d3d9fcae89ca6df564
p2,s23-023,0,prefill,q16,steady,ok,phase/2,218,12,0,甲甲甲甲甲甲甲甲甲甲甲甲,trace-s23-023,recent,90000,phase-v7-23,phase/v7,phase/client.csv,f12825d1e64ac5431144374cda41d6c74ea2dc81b32503509328cc0dd1cef44e
d3,s23-069,0,decode,q8,steady,ok,phase/1,0.049,36,0,甲甲甲甲甲甲甲甲甲甲甲甲甲甲甲甲甲甲甲甲甲甲甲甲甲甲甲甲甲甲甲甲甲甲甲甲,trace-s23-069,baseline,100650,phase-v7-23,phase/v7,phase/client.csv,1f2d83817045f15af18d586069581be0ecff6bf4d6d32cb207f45c1a24f601ad
p2,s23-021,0,prefill,q16,steady,ok,phase/1,0.141,36,0,甲甲甲甲甲甲甲甲甲甲甲甲甲甲甲甲甲甲甲甲甲甲甲甲甲甲甲甲甲甲甲甲甲甲甲甲,trace-s23-021,baseline,90000,phase-v7-23,phase/v7,phase/client.csv,9e21ba3368841239a3f4a5534b47d4a6356f8e2db960f73cfa1192106370dabb
p1,s23-008,0,prefill,q16,steady,ok,phase/2,203,36,0,甲甲甲甲甲甲甲甲甲甲甲甲甲甲甲甲甲甲甲甲甲甲甲甲甲甲甲甲甲甲甲甲甲甲甲甲,trace-s23-008,baseline,90000,phase-v7-23,phase/v7,phase/client.csv,f0205fc25f8674db9e0c4e34ea8a871e9d4ca9ca95e0cebe8214c6990d637d56
l23,s23-133,0,link,q8,steady,ok,phase/2,4,0,0,,trace-s23-133,baseline,90000,phase-v7-23,phase/v7,phase/client.csv,1c77ee7db8ca7568134e0edcef69f4f95622cc0529afaf223354a8be2f87da4c
p3,s23-030,0,prefill,q8,steady,ok,phase/1,0.084,12,0,甲甲甲甲甲甲甲甲甲甲甲甲,trace-s23-030,baseline,100650,phase-v7-23,phase/v7,phase/client.csv,09a06a936efb7f51df9339d385d6869f9d56c264a91b9cf99567b4ac1e7cfc8b
l22,s23-117,0,link,q16,steady,ok,phase/1,0.035,48,0,甲甲甲甲甲甲甲甲甲甲甲甲,trace-s23-117,recent,90000,phase-v7-23,phase/v7,phase/client.csv,07f12619fc9e341bd7162822b2d92ccd09d10acae455d4790a275bc018459ead
p3,s23-025,0,prefill,q8,steady,ok,phase/2,68,0,0,,trace-s23-025,baseline,100650,phase-v7-23,phase/v7,phase/client.csv,88e7ae753e584daa969ff5db65cbff6cff75741293cfb2ab489630c66a144570
l11,s23-083,0,link,q16,steady,ok,phase/2,29,48,0,甲甲甲甲甲甲甲甲甲甲甲甲,trace-s23-083,recent,90000,phase-v7-23,phase/v7,phase/client.csv,95ee9bd41caf16d380999b623385d162911802aafae9ba00304c196c8c8debcf
d3,s23-064,0,decode,q8,steady,ok,phase/2,33,12,0,甲甲甲甲甲甲甲甲甲甲甲甲,trace-s23-064,baseline,100650,phase-v7-23,phase/v7,phase/client.csv,1b008a82fe604de3505d6be6db28da3cd2a7b0bd7f1c3ce8841b5d0770709bb5
l11,s23-077,0,link,q16,steady,ok,phase/2,29,48,0,甲甲甲甲甲甲甲甲甲甲甲甲,trace-s23-077,baseline,90000,phase-v7-23,phase/v7,phase/client.csv,ec23bafde4fa1581e34f3ac77d43d720e3fc33f2071abe2cd453c164050b2481
l11,s23-073,0,link,q16,steady,ok,phase/2,13,0,0,,trace-s23-073,baseline,90000,phase-v7-23,phase/v7,phase/client.csv,7fc3c6ca2bca1058e5103eed6babd574a7b6af45e2974df111259c78ebaad3f6
p2,s23-017,0,prefill,q16,steady,ok,phase/2,109,12,0,甲甲甲甲甲甲甲甲甲甲甲甲,trace-s23-017,baseline,90000,phase-v7-23,phase/v7,phase/client.csv,408f1954ba1c82a9c174f97e9af128f856564ba36e7c9832b64452cff94f75d5
l23,s23-137,0,link,q8,steady,ok,phase/2,6,48,0,甲甲甲甲甲甲甲甲甲甲甲甲,trace-s23-137,baseline,90000,phase-v7-23,phase/v7,phase/client.csv,82ba087dbdd84a4c59489da175856c0408c7f1e0e1435058970a4a7089973ef2
l23,s23-134,0,link,q8,steady,ok,phase/2,4,0,0,,trace-s23-134,baseline,90000,phase-v7-23,phase/v7,phase/client.csv,950c7f065ae4347343e5cffd274f39017f1164e2566e83c42ef9a6ce47acc8b5
p3,s23-034,0,prefill,q8,steady,ok,phase/2,84,12,0,甲甲甲甲甲甲甲甲甲甲甲甲,trace-s23-034,recent,90000,phase-v7-23,phase/v7,phase/client.csv,459ab97cab36b75df8694c3f4828c8a843a6d8dcd66c8b0913333c513165e76b
d3,s23-063,0,decode,q8,steady,ok,phase/1,0.025,0,0,,trace-s23-063,baseline,100650,phase-v7-23,phase/v7,phase/client.csv,a2dd497b93f269d2f8d3101374853b6e8af19b71c78bff36227480789a970784
p3,s23-036,0,prefill,q8,steady,ok,phase/1,0.084,12,0,甲甲甲甲甲甲甲甲甲甲甲甲,trace-s23-036,recent,90000,phase-v7-23,phase/v7,phase/client.csv,7f79040ae514818116bf38b8010eebfd45381faf3562b50d4857b3609411521d
d1,s23-047,0,decode,q16,steady,ok,phase/2,46,12,0,甲甲甲甲甲甲甲甲甲甲甲甲,trace-s23-047,recent,90000,phase-v7-23,phase/v7,phase/client.csv,41500de4a0ad26013f1750ff1a53715dd9abe262b154b692febacc4d29e36d6c
l11,s23-075,0,link,q16,steady,ok,phase/1,0.013,0,0,,trace-s23-075,baseline,90000,phase-v7-23,phase/v7,phase/client.csv,d26e8df76fd6d05051973b35f7e858dfb1e12a8461bc707bff910e167039ffe1
l11,s23-084,0,link,q16,steady,ok,phase/1,0.029,48,0,甲甲甲甲甲甲甲甲甲甲甲甲,trace-s23-084,recent,90000,phase-v7-23,phase/v7,phase/client.csv,5f92907faa7f11f697a3813baf2aa962e044a0c3a3898d3074154832755d4505
l21,s23-102,0,link,q16,steady,ok,phase/1,0.023,48,0,甲甲甲甲甲甲甲甲甲甲甲甲,trace-s23-102,baseline,90000,phase-v7-23,phase/v7,phase/client.csv,831ad4ffa645eeafeed54403f384211b8b82028271a82194dbbba245ee2a41e4
l23,s23-132,0,link,q8,steady,ok,phase/1,0.004,0,0,,trace-s23-132,baseline,90000,phase-v7-23,phase/v7,phase/client.csv,bb96bd742520acf40623c0c4dcf18da4a6f6c6560b1fa2b8e6d2e61eed8b8aec
l12,s23-087,0,link,q16,steady,ok,phase/1,0.018,0,0,,trace-s23-087,baseline,90000,phase-v7-23,phase/v7,phase/client.csv,e965baa0037db1f5399030221f1fa64a8b2cdda42df558ca43c9bd3ae13ee4c0
d1,s23-045,0,decode,q16,steady,ok,phase/1,0.062,36,0,甲甲甲甲甲甲甲甲甲甲甲甲甲甲甲甲甲甲甲甲甲甲甲甲甲甲甲甲甲甲甲甲甲甲甲甲,trace-s23-045,baseline,90000,phase-v7-23,phase/v7,phase/client.csv,a997972d0a282669d2b8701f9fd57e4dd2a55ef5393323ef8c38d83ad5c0f550
d3,s23-065,0,decode,q8,steady,ok,phase/2,33,12,0,甲甲甲甲甲甲甲甲甲甲甲甲,trace-s23-065,baseline,100650,phase-v7-23,phase/v7,phase/client.csv,0cc3fab3727547428da85382e6e3286395e7df7f3168135ae707b10108b9c9f1
p2,s23-161,0,prefill,q16,steady,ok,phase/2,109,12,0,甲甲甲甲甲甲甲甲甲甲甲甲,trace-s23-161,baseline,90000,phase-v7-23,phase/v7,phase/client.csv,deadbeef
l11,s23-166,0,link,q16,steady,ok,phase/2,30,48,0,甲甲甲甲甲甲甲甲甲甲甲甲,trace-s23-166,baseline,100650,phase-v7-23,phase/v7,phase/client.csv,98c4985c588052e0b15e0c3132076b40fa1365e4869a4ae0164baaae228a6130
d1,s23-048,0,decode,q16,steady,ok,phase/1,0.046,12,0,甲甲甲甲甲甲甲甲甲甲甲甲,trace-s23-048,recent,90000,phase-v7-23,phase/v7,phase/client.csv,8526410b6328b8dd929efde5fcab792f217d92487cecdb4c275c419d74828e84
p3,s23-029,0,prefill,q8,steady,ok,phase/2,84,12,0,甲甲甲甲甲甲甲甲甲甲甲甲,trace-s23-029,baseline,100650,phase-v7-23,phase/v7,phase/client.csv,0c5e91b96609c573c471253419cccbfe6f561083c35a08eeaee4f0751625815f
p2,s23-151,0,prefill,other,steady,ok,phase/2,109,12,0,甲甲甲甲甲甲甲甲甲甲甲甲,trace-s23-151,baseline,90000,phase-v7-23,phase/v7,phase/client.csv,2feb94db7763e35bc9eed4d257b6709aea990e6f9a3f8c5d74227397a1ac8522
p1,s23-012,0,prefill,q16,steady,ok,phase/1,0.123,12,0,甲甲甲甲甲甲甲甲甲甲甲甲,trace-s23-012,recent,90000,phase-v7-23,phase/v7,phase/client.csv,0ddd47b5157f23d775ba5d52e2b15ece026769bca685b632c378b0a24aa1af8c
l23,s23-136,0,link,q8,steady,ok,phase/2,6,48,0,甲甲甲甲甲甲甲甲甲甲甲甲,trace-s23-136,baseline,90000,phase-v7-23,phase/v7,phase/client.csv,0545720f042a7cd89ea979a77d84249641ae2371e183bf1849cd2f2bda340d3f
l33,s23-129,0,link,q8,steady,ok,phase/1,0.017,48,0,甲甲甲甲甲甲甲甲甲甲甲甲,trace-s23-129,recent,90000,phase-v7-23,phase/v7,phase/client.csv,e1467bc3b2a87cef3b9602c5f7409eec7aa4f1f7e41ba87338ed0184cce7dfc1
d2,s23-052,0,decode,q16,steady,ok,phase/2,55,12,0,甲甲甲甲甲甲甲甲甲甲甲甲,trace-s23-052,baseline,90000,phase-v7-23,phase/v7,phase/client.csv,b83783148c876c985d67bfd253bca09b92517d7b0be566ac19226feb636fa33f
p2,s23-019,0,prefill,q16,steady,ok,phase/2,141,36,0,甲甲甲甲甲甲甲甲甲甲甲甲甲甲甲甲甲甲甲甲甲甲甲甲甲甲甲甲甲甲甲甲甲甲甲甲,trace-s23-019,baseline,90000,phase-v7-23,phase/v7,phase/client.csv,b530301a5aa64cf5e2f3858a1fe0102c5660e6c436a4271547405a68d7b8c6e9
p2,s23-154,0,prefill,q16,steady,ok,phase/2,109,12,0,甲甲甲甲甲甲甲甲甲甲甲甲,trace-s23-154,baseline,200000,phase-v7-23,phase/v7,phase/client.csv,31c56f980a8cc03a32f4f16f27aa2e2b7e35dc976c5ef235982675fc645baa7d
d2,s23-049,0,decode,q16,steady,ok,phase/2,51,0,0,,trace-s23-049,baseline,90000,phase-v7-23,phase/v7,phase/client.csv,b762dd55283e9c7713a8563284540294513881ce4d84e1129749facbcf13ad2f
l11,s23-080,0,link,q16,steady,ok,phase/2,61,144,0,甲甲甲甲甲甲甲甲甲甲甲甲甲甲甲甲甲甲甲甲甲甲甲甲甲甲甲甲甲甲甲甲甲甲甲甲,trace-s23-080,baseline,90000,phase-v7-23,phase/v7,phase/client.csv,5b319be7f6416b5be7ef53653fd4355692649f2be2df2f7874b4cbb6bcfc1081
p1,s23-001,0,prefill,q16,steady,ok,phase/2,83,0,0,,trace-s23-001,baseline,90000,phase-v7-23,phase/v7,phase/client.csv,5179221565fa03b130109c10a203e930ac2c736121e338a71bc28d07ee9f6062
p3,s23-035,0,prefill,q8,steady,ok,phase/2,84,12,0,甲甲甲甲甲甲甲甲甲甲甲甲,trace-s23-035,recent,90000,phase-v7-23,phase/v7,phase/client.csv,113655e47796eca1b0e0a2574234fe85e42cd5d1cfaac0d906d996d79ef4a993
p2,s23-150,0,prefill,q16,steady,ok,phase/1,10900,12,0,甲甲甲甲甲甲甲甲甲甲甲甲,trace-s23-150,baseline,90000,phase-v7-23,phase/v7,phase/client.csv,568f9ce57a3c9ba77bd1c83042f9853a0338b058fa676e5908918e0313902101
p2,s23-164,2,prefill,q16,steady,ok,phase/2,109,12,0,甲甲甲甲甲甲甲甲甲甲甲甲,trace-s23-164-retry,baseline,90000,phase-v7-23,phase/v7,phase/client.csv,1aee4852f029af9d8b7bb52b9bf7272b8440af504fa213f391fbe8409799aea0
l12,s23-094,0,link,q16,steady,ok,phase/2,52,48,0,甲甲甲甲甲甲甲甲甲甲甲甲,trace-s23-094,recent,90000,phase-v7-23,phase/v7,phase/client.csv,c2f5973ff2c6963bb7651e2037413ee8b6f0434c7c722e7ad6876c25d78b064e
p2,s23-153,0,prefill,q16,steady,ok,phase/1,0.109,12,0,甲甲甲甲甲甲甲甲甲甲甲甲,trace-s23-153,baseline,90000,phase-v7-23,phase/v7,phase/client.csv,c2b9f8691059c9855c766afa6445b7ffec8bfd03dc95879568ed0db6dbee157a
p1,s23-147,0,prefill,q16,steady,ok,phase/1,0.369,12,0,甲甲甲甲甲甲甲甲甲甲甲甲,trace-s23-147,baseline,100650,phase-v7-23,phase/v7,phase/client.csv,733431c47e4360bac0246dd68c5bfe5ea668668bc9e976a1beb1181c9c8a3178
l21,s23-100,0,link,q16,steady,ok,phase/2,23,48,0,甲甲甲甲甲甲甲甲甲甲甲甲,trace-s23-100,baseline,90000,phase-v7-23,phase/v7,phase/client.csv,92efcae52032aee3c9d516f6dcc89bf02099e31d699274b9f731a437390ff934
l22,s23-113,0,link,q16,steady,ok,phase/2,35,48,0,甲甲甲甲甲甲甲甲甲甲甲甲,trace-s23-113,baseline,90000,phase-v7-23,phase/v7,phase/client.csv,4a9330ba2d478cf66ed1266e71c686ace0e555ef910eaa2cae7831a0882c2bad
p1,s23-145,0,prefill,q16,steady,ok,phase/2,369,12,0,甲甲甲甲甲甲甲甲甲甲甲甲,trace-s23-145,baseline,100650,phase-v7-23,phase/v7,phase/client.csv,852ae41c3e693af961c7d4fae3f3efc4f09dbebfd7e16f8560d7cf3817d831bb
p1,s23-011,0,prefill,q16,steady,ok,phase/2,123,12,0,甲甲甲甲甲甲甲甲甲甲甲甲,trace-s23-011,recent,90000,phase-v7-23,phase/v7,phase/client.csv,dec76e69ad6e922c96211e2bd56be628c28f04da9289fa461af0e648fd9faedb
l22,s23-110,0,link,q16,steady,ok,phase/2,11,0,0,,trace-s23-110,baseline,90000,phase-v7-23,phase/v7,phase/client.csv,79134fdc657382dd590552f59880e1edb03f91f9971c94dbd262e2c5b9069069
p3,s23-032,0,prefill,q8,steady,ok,phase/2,116,36,0,甲甲甲甲甲甲甲甲甲甲甲甲甲甲甲甲甲甲甲甲甲甲甲甲甲甲甲甲甲甲甲甲甲甲甲甲,trace-s23-032,baseline,100650,phase-v7-23,phase/v7,phase/client.csv,81199e9b5db3712aeb23d0457410ccfacd8505aa4a118afd4bf4266ad0c96c75
l33,s23-131,0,link,q8,steady,ok,phase/2,17,48,0,甲甲甲甲甲甲甲甲甲甲甲甲,trace-s23-131,recent,90000,phase-v7-23,phase/v7,phase/client.csv,18162a25d045bc52a951747010749c1d6209cac7edbf4b55b711afcd9c7a7c10
l12,s23-095,0,link,q16,steady,ok,phase/2,52,48,0,甲甲甲甲甲甲甲甲甲甲甲甲,trace-s23-095,recent,90000,phase-v7-23,phase/v7,phase/client.csv,cb072fd86ec9fe9c26ad6af2a35a99e13386c33c2d6f12be46c22201249bbb58
