resource,sample_id,attempt,role,layout,phase,status,schema,duration,coordinate,cached_tokens,prompt,trace_id,cohort,ingested_us
l12,s23-094,0,link,q16,steady,ok,phase/2,52,48,0,甲甲甲甲甲甲甲甲甲甲甲甲,trace-s23-094,recent,90000
p2,s23-023,0,prefill,q16,steady,ok,phase/2,218,12,0,甲甲甲甲甲甲甲甲甲甲甲甲,trace-s23-023,recent,90000
l11,s23-077,0,link,q16,steady,ok,phase/2,29,48,0,甲甲甲甲甲甲甲甲甲甲甲甲,trace-s23-077,baseline,90000
l33,s23-120,0,link,q8,steady,ok,phase/1,0.009,0,0,,trace-s23-120,baseline,100650
l12,s23-090,0,link,q16,steady,ok,phase/1,0.026,48,0,甲甲甲甲甲甲甲甲甲甲甲甲,trace-s23-090,baseline,90000
p3,s23-033,0,prefill,q8,steady,ok,phase/1,0.116,36,0,甲甲甲甲甲甲甲甲甲甲甲甲甲甲甲甲甲甲甲甲甲甲甲甲甲甲甲甲甲甲甲甲甲甲甲甲,trace-s23-033,baseline,100650
l23,s23-134,0,link,q8,steady,ok,phase/2,4,0,0,,trace-s23-134,baseline,90000
d1,s23-038,0,decode,q16,steady,ok,phase/2,38,0,0,,trace-s23-038,baseline,90000
l21,s23-102,0,link,q16,steady,ok,phase/1,0.023,48,0,甲甲甲甲甲甲甲甲甲甲甲甲,trace-s23-102,baseline,90000
d1,s23-044,0,decode,q16,steady,ok,phase/2,62,36,0,甲甲甲甲甲甲甲甲甲甲甲甲甲甲甲甲甲甲甲甲甲甲甲甲甲甲甲甲甲甲甲甲甲甲甲甲,trace-s23-044,baseline,90000
p1,s23-009,0,prefill,q16,steady,ok,phase/1,0.203,36,0,甲甲甲甲甲甲甲甲甲甲甲甲甲甲甲甲甲甲甲甲甲甲甲甲甲甲甲甲甲甲甲甲甲甲甲甲,trace-s23-009,baseline,90000
l12,s23-096,0,link,q16,steady,ok,phase/1,0.052,48,0,甲甲甲甲甲甲甲甲甲甲甲甲,trace-s23-096,recent,90000
p2,s23-024,0,prefill,q16,steady,ok,phase/1,0.218,12,0,甲甲甲甲甲甲甲甲甲甲甲甲,trace-s23-024,recent,90000
p3,s23-032,0,prefill,q8,steady,ok,phase/2,116,36,0,甲甲甲甲甲甲甲甲甲甲甲甲甲甲甲甲甲甲甲甲甲甲甲甲甲甲甲甲甲甲甲甲甲甲甲甲,trace-s23-032,baseline,100650
d3,s23-068,0,decode,q8,steady,ok,phase/2,49,36,0,甲甲甲甲甲甲甲甲甲甲甲甲甲甲甲甲甲甲甲甲甲甲甲甲甲甲甲甲甲甲甲甲甲甲甲甲,trace-s23-068,baseline,100650
l33,s23-131,0,link,q8,steady,ok,phase/2,17,48,0,甲甲甲甲甲甲甲甲甲甲甲甲,trace-s23-131,recent,90000
l21,s23-101,0,link,q16,steady,ok,phase/2,23,48,0,甲甲甲甲甲甲甲甲甲甲甲甲,trace-s23-101,baseline,90000
l21,s23-103,0,link,q16,steady,ok,phase/2,39,144,0,甲甲甲甲甲甲甲甲甲甲甲甲甲甲甲甲甲甲甲甲甲甲甲甲甲甲甲甲甲甲甲甲甲甲甲甲,trace-s23-103,baseline,90000
p2,s23-151,0,prefill,other,steady,ok,phase/2,109,12,0,甲甲甲甲甲甲甲甲甲甲甲甲,trace-s23-151,baseline,90000
d1,s23-164,0,decode,q16,steady,ok,phase/2,47,12,0,甲甲甲甲甲甲甲甲甲甲甲甲,trace-s23-164,baseline,90000
l21,s23-104,0,link,q16,steady,ok,phase/2,39,144,0,甲甲甲甲甲甲甲甲甲甲甲甲甲甲甲甲甲甲甲甲甲甲甲甲甲甲甲甲甲甲甲甲甲甲甲甲,trace-s23-104,baseline,90000
p2,s23-157,0,prefill,q16,steady,ok,phase/2,109,12,0,甲甲甲甲甲甲甲甲甲甲甲甲,trace-s23-157,baseline,100650
d1,s23-039,0,decode,q16,steady,ok,phase/1,0.038,0,0,,trace-s23-039,baseline,90000
l33,s23-121,0,link,q8,steady,ok,phase/2,9,0,0,,trace-s23-121,baseline,100650
l33,s23-129,0,link,q8,steady,ok,phase/1,0.017,48,0,甲甲甲甲甲甲甲甲甲甲甲甲,trace-s23-129,recent,90000
p2,s23-163,2,prefill,q16,steady,ok,phase/2,109,12,0,甲甲甲甲甲甲甲甲甲甲甲甲,trace-s23-163-retry,baseline,90000
p2,s23-018,0,prefill,q16,steady,ok,phase/1,0.109,12,0,甲甲甲甲甲甲甲甲甲甲甲甲,trace-s23-018,baseline,90000
d3,s23-065,0,decode,q8,steady,ok,phase/2,33,12,0,甲甲甲甲甲甲甲甲甲甲甲甲,trace-s23-065,baseline,100650
l23,s23-143,0,link,q8,steady,ok,phase/2,6,48,0,甲甲甲甲甲甲甲甲甲甲甲甲,trace-s23-143,recent,90000
p1,s23-146,0,prefill,q16,steady,ok,phase/2,369,12,0,甲甲甲甲甲甲甲甲甲甲甲甲,trace-s23-146,baseline,100650
p2,s23-155,0,prefill,q16,steady,ok,phase/2,109,12,4,甲甲甲甲甲甲甲甲甲甲甲甲,trace-s23-155,baseline,90000
l23,s23-140,0,link,q8,steady,ok,phase/2,10,144,0,甲甲甲甲甲甲甲甲甲甲甲甲甲甲甲甲甲甲甲甲甲甲甲甲甲甲甲甲甲甲甲甲甲甲甲甲,trace-s23-140,baseline,90000
l21,s23-107,0,link,q16,steady,ok,phase/2,23,48,0,甲甲甲甲甲甲甲甲甲甲甲甲,trace-s23-107,recent,90000
d3,s23-066,0,decode,q8,steady,ok,phase/1,0.033,12,0,甲甲甲甲甲甲甲甲甲甲甲甲,trace-s23-066,baseline,100650
p1,s23-147,0,prefill,q16,steady,ok,phase/1,0.369,12,0,甲甲甲甲甲甲甲甲甲甲甲甲,trace-s23-147,baseline,100650
d1,s23-041,0,decode,q16,steady,ok,phase/2,46,12,0,甲甲甲甲甲甲甲甲甲甲甲甲,trace-s23-041,baseline,90000
l12,s23-086,0,link,q16,steady,ok,phase/2,18,0,0,,trace-s23-086,baseline,90000
l12,s23-085,0,link,q16,steady,ok,phase/2,18,0,0,,trace-s23-085,baseline,90000
l22,s23-113,0,link,q16,steady,ok,phase/2,35,48,0,甲甲甲甲甲甲甲甲甲甲甲甲,trace-s23-113,baseline,90000
p1,s23-001,0,prefill,q16,steady,ok,phase/2,83,0,0,,trace-s23-001,baseline,90000
l11,s23-084,0,link,q16,steady,ok,phase/1,0.029,48,0,甲甲甲甲甲甲甲甲甲甲甲甲,trace-s23-084,recent,90000
p3,s23-027,0,prefill,q8,steady,ok,phase/1,0.068,0,0,,trace-s23-027,baseline,100650
p1,s23-144,0,prefill,q16,steady,ok,phase/1,0.369,12,0,甲甲甲甲甲甲甲甲甲甲甲甲,trace-s23-144,baseline,100650
d3,s23-062,0,decode,q8,steady,ok,phase/2,25,0,0,,trace-s23-062,baseline,100650
l23,s23-138,0,link,q8,steady,ok,phase/1,0.01,144,0,甲甲甲甲甲甲甲甲甲甲甲甲甲甲甲甲甲甲甲甲甲甲甲甲甲甲甲甲甲甲甲甲甲甲甲甲,trace-s23-138,baseline,90000
d2,s23-052,0,decode,q16,steady,ok,phase/2,55,12,0,甲甲甲甲甲甲甲甲甲甲甲甲,trace-s23-052,baseline,90000
p3,s23-035,0,prefill,q8,steady,ok,phase/2,84,12,0,甲甲甲甲甲甲甲甲甲甲甲甲,trace-s23-035,recent,90000
d3,s23-072,0,decode,q8,steady,ok,phase/1,0.033,12,0,甲甲甲甲甲甲甲甲甲甲甲甲,trace-s23-072,recent,90000
l22,s23-119,0,link,q16,steady,ok,phase/2,35,48,0,甲甲甲甲甲甲甲甲甲甲甲甲,trace-s23-119,recent,90000
l33,s23-126,0,link,q8,steady,ok,phase/1,0.033,144,0,甲甲甲甲甲甲甲甲甲甲甲甲甲甲甲甲甲甲甲甲甲甲甲甲甲甲甲甲甲甲甲甲甲甲甲甲,trace-s23-126,baseline,100650
l21,s23-099,0,link,q16,steady,ok,phase/1,0.015,0,0,,trace-s23-099,baseline,90000
d2,s23-060,0,decode,q16,steady,ok,phase/1,0.055,12,0,甲甲甲甲甲甲甲甲甲甲甲甲,trace-s23-060,recent,90000
p2,s23-154,0,prefill,q16,steady,ok,phase/2,109,12,0,甲甲甲甲甲甲甲甲甲甲甲甲,trace-s23-154,baseline,200000
p2,s23-149,0,prefill,q16,compile,ok,phase/2,109,12,0,甲甲甲甲甲甲甲甲甲甲甲甲,trace-s23-149,baseline,90000
l21,s23-097,0,link,q16,steady,ok,phase/2,15,0,0,,trace-s23-097,baseline,90000
l12,s23-089,0,link,q16,steady,ok,phase/2,26,48,0,甲甲甲甲甲甲甲甲甲甲甲甲,trace-s23-089,baseline,90000
d3,s23-061,0,decode,q8,steady,ok,phase/2,25,0,0,,trace-s23-061,baseline,100650
l33,s23-123,0,link,q8,steady,ok,phase/1,0.017,48,0,甲甲甲甲甲甲甲甲甲甲甲甲,trace-s23-123,baseline,100650
l33,s23-125,0,link,q8,steady,ok,phase/2,17,48,0,甲甲甲甲甲甲甲甲甲甲甲甲,trace-s23-125,baseline,100650
l22,s23-112,0,link,q16,steady,ok,phase/2,35,48,0,甲甲甲甲甲甲甲甲甲甲甲甲,trace-s23-112,baseline,90000
p3,s23-030,0,prefill,q8,steady,ok,phase/1,0.084,12,0,甲甲甲甲甲甲甲甲甲甲甲甲,trace-s23-030,baseline,100650
p2,s23-017,0,prefill,q16,steady,ok,phase/2,109,12,0,甲甲甲甲甲甲甲甲甲甲甲甲,trace-s23-017,baseline,90000
l23,s23-139,0,link,q8,steady,ok,phase/2,10,144,0,甲甲甲甲甲甲甲甲甲甲甲甲甲甲甲甲甲甲甲甲甲甲甲甲甲甲甲甲甲甲甲甲甲甲甲甲,trace-s23-139,baseline,90000
l11,s23-083,0,link,q16,steady,ok,phase/2,29,48,0,甲甲甲甲甲甲甲甲甲甲甲甲,trace-s23-083,recent,90000
p3,s23-025,0,prefill,q8,steady,ok,phase/2,68,0,0,,trace-s23-025,baseline,100650
d3,s23-063,0,decode,q8,steady,ok,phase/1,0.025,0,0,,trace-s23-063,baseline,100650
d2,s23-049,0,decode,q16,steady,ok,phase/2,51,0,0,,trace-s23-049,baseline,90000
l11,s23-078,0,link,q16,steady,ok,phase/1,0.029,48,0,甲甲甲甲甲甲甲甲甲甲甲甲,trace-s23-078,baseline,90000
l23,s23-141,0,link,q8,steady,ok,phase/1,0.006,48,0,甲甲甲甲甲甲甲甲甲甲甲甲,trace-s23-141,recent,90000
p1,s23-012,0,prefill,q16,steady,ok,phase/1,0.123,12,0,甲甲甲甲甲甲甲甲甲甲甲甲,trace-s23-012,recent,90000
p2,s23-156,0,prefill,q16,steady,ok,phase/1,0.109,12,0,甲甲甲甲甲甲甲甲甲甲甲甲,trace-s23-156,baseline,90000
l33,s23-127,0,link,q8,steady,ok,phase/2,33,144,0,甲甲甲甲甲甲甲甲甲甲甲甲甲甲甲甲甲甲甲甲甲甲甲甲甲甲甲甲甲甲甲甲甲甲甲甲,trace-s23-127,baseline,100650
l11,s23-082,0,link,q16,steady,ok,phase/2,29,48,0,甲甲甲甲甲甲甲甲甲甲甲甲,trace-s23-082,recent,90000
l12,s23-088,0,link,q16,steady,ok,phase/2,26,48,0,甲甲甲甲甲甲甲甲甲甲甲甲,trace-s23-088,baseline,90000
p1,s23-002,0,prefill,q16,steady,ok,phase/2,83,0,0,,trace-s23-002,baseline,90000
p3,s23-029,0,prefill,q8,steady,ok,phase/2,84,12,0,甲甲甲甲甲甲甲甲甲甲甲甲,trace-s23-029,baseline,100650
p2,s23-021,0,prefill,q16,steady,ok,phase/1,0.141,36,0,甲甲甲甲甲甲甲甲甲甲甲甲甲甲甲甲甲甲甲甲甲甲甲甲甲甲甲甲甲甲甲甲甲甲甲甲,trace-s23-021,baseline,90000
p1,s23-003,0,prefill,q16,steady,ok,phase/1,0.083,0,0,,trace-s23-003,baseline,90000
d2,s23-051,0,decode,q16,steady,ok,phase/1,0.051,0,0,,trace-s23-051,baseline,90000
d2,s23-054,0,decode,q16,steady,ok,phase/1,0.055,12,0,甲甲甲甲甲甲甲甲甲甲甲甲,trace-s23-054,baseline,90000
p2,s23-163,1,prefill,q16,steady,ok,phase/2,109,12,0,甲甲甲甲甲甲甲甲甲甲甲甲,trace-s23-163,baseline,90000
p1,s23-008,0,prefill,q16,steady,ok,phase/2,203,36,0,甲甲甲甲甲甲甲甲甲甲甲甲甲甲甲甲甲甲甲甲甲甲甲甲甲甲甲甲甲甲甲甲甲甲甲甲,trace-s23-008,baseline,90000
l22,s23-116,0,link,q16,steady,ok,phase/2,83,144,0,甲甲甲甲甲甲甲甲甲甲甲甲甲甲甲甲甲甲甲甲甲甲甲甲甲甲甲甲甲甲甲甲甲甲甲甲,trace-s23-116,baseline,90000
d2,s23-058,0,decode,q16,steady,ok,phase/2,55,12,0,甲甲甲甲甲甲甲甲甲甲甲甲,trace-s23-058,recent,90000
l23,s23-135,0,link,q8,steady,ok,phase/1,0.006,48,0,甲甲甲甲甲甲甲甲甲甲甲甲,trace-s23-135,baseline,90000
